販売管理表(部門別５２週推移),,,,,,,,,,,,,,,,,,,,,,,,,,,,,,,,,,,,,,,,,,,,,,,,,,,,,,,,,,,,
対象期間開始：2025年01週 (2025年03月31日〜2025年04月06日),,,,,,,,,,,,,,,,,,,,,,,,,,,,,,,,,,,,,,,,,,,,,,,,,,,,,,,,,,,,
対象期間終了：2025年52週 (2026年03月23日〜2026年03月29日),,,,,,,,,,,,,,,,,,,,,,,,,,,,,,,,,,,,,,,,,,,,,,,,,,,,,,,,,,,,
"対象店舗：王子店,塚口店,夙川店,芦屋店,門戸店,箕面店,岡本店,有野店,六甲店,御影店,甲子園店,宝塚店,甲陽園店,摂津本山店,逆瀬川店,高槻店,大阪店,三宮店,南海なんば店,伊丹店,豊中店,豊中緑丘店,智頭店,常盤店",,,,,,,,,,,,,,,,,,,,,,,,,,,,,,,,,,,,,,,,,,,,,,,,,,,,,,,,,,,,
商品条件：01:青果⇒011:野菜,,,,,,,,,,,,,,,,,,,,,,,,,,,,,,,,,,,,,,,,,,,,,,,,,,,,,,,,,,,,
,,,,,,,,,,,,,,,,,,,,,,,,,,,,,,,,,,,,,,,,,,,,,,,,,,,,,,,,,,,,
,001101:ｻﾗﾀﾞ果菜,001101:ｻﾗﾀﾞ果菜,001101:ｻﾗﾀﾞ果菜,001102:ﾄﾏﾄ類,001102:ﾄﾏﾄ類,001102:ﾄﾏﾄ類,001103:加熱果菜類,001103:加熱果菜類,001103:加熱果菜類,001104:季節果菜類,001104:季節果菜類,001104:季節果菜類,001105:ｻﾗﾀﾞ洋菜,001105:ｻﾗﾀﾞ洋菜,001105:ｻﾗﾀﾞ洋菜,001106:ﾎﾞｲﾙ洋菜,001106:ﾎﾞｲﾙ洋菜,001106:ﾎﾞｲﾙ洋菜,001107:ｻﾗﾀﾞ茎菜,001107:ｻﾗﾀﾞ茎菜,001107:ｻﾗﾀﾞ茎菜,001108:加熱茎菜類,001108:加熱茎菜類,001108:加熱茎菜類,001109:葉物類,001109:葉物類,001109:葉物類,001110:ねぎ類,001110:ねぎ類,001110:ねぎ類,001111:季節葉茎類,001111:季節葉茎類,001111:季節葉茎類,001112:豆類,001112:豆類,001112:豆類,001113:菌茸類,001113:菌茸類,001113:菌茸類,001114:土物類,001114:土物類,001114:土物類,001115:根菜類,001115:根菜類,001115:根菜類,001116:季節旬野菜類,001116:季節旬野菜類,001116:季節旬野菜類,001117:つまもの類,001117:つまもの類,001117:つまもの類,001118:加工品類,001118:加工品類,001118:加工品類,001150:野菜資材,001150:野菜資材,001150:野菜資材,001199:代表ｺｰﾄﾞ,001199:代表ｺｰﾄﾞ,001199:代表ｺｰﾄﾞ
MD週,売上高ランク,売上高,売上高前年比,売上高ランク,売上高,売上高前年比,売上高ランク,売上高,売上高前年比,売上高ランク,売上高,売上高前年比,売上高ランク,売上高,売上高前年比,売上高ランク,売上高,売上高前年比,売上高ランク,売上高,売上高前年比,売上高ランク,売上高,売上高前年比,売上高ランク,売上高,売上高前年比,売上高ランク,売上高,売上高前年比,売上高ランク,売上高,売上高前年比,売上高ランク,売上高,売上高前年比,売上高ランク,売上高,売上高前年比,売上高ランク,売上高,売上高前年比,売上高ランク,売上高,売上高前年比,売上高ランク,売上高,売上高前年比,売上高ランク,売上高,売上高前年比,売上高ランク,売上高,売上高前年比,売上高ランク,売上高,売上高前年比,売上高ランク,売上高,売上高前年比
2025年01週(2025/03/31~2025/04/06),27,"¥1,439,346",95.20%,43,"¥4,454,786",81.30%,31,"¥2,934,129",96.70%,39,"¥50,766",90.70%,33,"¥4,023,839",85.00%,5,"¥3,666,227",81.90%,4,"¥1,586,289",98.20%,17,"¥826,223",112.80%,29,"¥2,797,255",96.30%,21,"¥1,671,982",117.80%,10,"¥612,688",78.90%,5,"¥3,008,610",95.90%,27,"¥3,250,138",105.80%,18,"¥6,949,030",104.40%,31,"¥2,512,016",102.90%,7,"¥2,367,779",83.10%,34,"¥664,132",94.00%,13,"¥1,334,036",96.90%,10,"¥63,514",231.80%,45,"¥13,315",101.50%
2025年02週(2025/04/07~2025/04/13),37,"¥1,323,579",87.20%,42,"¥4,483,608",80.30%,34,"¥2,759,605",85.80%,37,"¥54,566",68.70%,20,"¥4,278,359",99.70%,3,"¥3,713,240",77.30%,5,"¥1,496,297",87.40%,26,"¥613,264",93.70%,28,"¥2,830,190",109.10%,30,"¥1,423,303",101.20%,12,"¥379,200",65.30%,4,"¥3,105,169",85.20%,33,"¥2,968,684",99.40%,16,"¥7,069,905",107.70%,34,"¥2,445,479",96.40%,3,"¥2,484,665",88.70%,35,"¥661,260",83.60%,7,"¥1,366,264",99.60%,8,"¥65,792",264.50%,29,"¥21,698",190.80%
2025年03週(2025/04/14~2025/04/20),34,"¥1,376,913",67.80%,27,"¥4,899,581",85.10%,32,"¥2,763,803",85.00%,35,"¥69,843",86.80%,24,"¥4,207,891",95.70%,2,"¥3,924,460",130.90%,2,"¥1,685,399",77.70%,29,"¥591,938",105.00%,30,"¥2,632,924",97.00%,29,"¥1,423,308",107.80%,13,"¥359,004",113.40%,1,"¥3,400,598",127.00%,32,"¥3,000,692",106.20%,12,"¥7,230,758",111.50%,30,"¥2,517,898",102.60%,5,"¥2,470,928",100.90%,30,"¥807,987",78.40%,6,"¥1,376,284",104.10%,9,"¥65,011",274.80%,19,"¥28,092",296.20%
2025年04週(2025/04/21~2025/04/27),30,"¥1,413,961",74.80%,25,"¥4,984,289",91.70%,29,"¥3,098,050",89.70%,27,"¥294,197",74.90%,18,"¥4,318,553",96.00%,4,"¥3,689,951",99.90%,6,"¥1,395,868",83.50%,35,"¥514,132",88.00%,21,"¥2,948,591",93.20%,40,"¥1,250,148",98.00%,15,"¥306,902",110.70%,8,"¥2,944,254",104.70%,36,"¥2,887,522",105.80%,23,"¥6,706,794",101.10%,36,"¥2,361,826",97.40%,9,"¥2,159,084",136.10%,29,"¥816,497",93.80%,17,"¥1,321,226",98.50%,12,"¥54,896",229.60%,25,"¥25,043",220.60%
2025年05週(2025/04/28~2025/05/04),29,"¥1,417,498",68.90%,33,"¥4,663,939",76.90%,30,"¥3,035,732",77.40%,19,"¥661,253",183.90%,29,"¥4,084,603",83.70%,6,"¥3,490,166",94.50%,1,"¥1,846,650",100.80%,38,"¥497,646",78.70%,37,"¥2,507,825",91.10%,34,"¥1,375,262",92.80%,19,"¥209,124",117.70%,7,"¥2,944,794",119.60%,25,"¥3,337,876",110.20%,21,"¥6,740,213",93.90%,44,"¥2,186,890",86.40%,18,"¥1,410,040",108.00%,27,"¥852,317",87.30%,26,"¥1,279,190",92.20%,7,"¥69,739",86.10%,21,"¥27,827",163.10%
2025年06週(2025/05/05~2025/05/11),20,"¥1,623,297",86.90%,34,"¥4,638,180",82.10%,26,"¥3,514,662",91.90%,20,"¥605,521",89.60%,32,"¥4,028,799",85.90%,1,"¥4,280,022",99.80%,3,"¥1,627,158",88.90%,32,"¥540,300",80.00%,27,"¥2,839,547",94.10%,28,"¥1,431,106",99.70%,23,"¥134,307",93.90%,21,"¥2,653,788",93.30%,34,"¥2,942,022",94.30%,13,"¥7,224,976",104.60%,35,"¥2,411,672",90.50%,31,"¥867,763",75.10%,32,"¥741,371",87.90%,10,"¥1,343,927",97.00%,19,"¥26,725",132.30%,15,"¥31,431",300.40%
2025年07週(2025/05/12~2025/05/18),26,"¥1,479,734",89.60%,24,"¥5,000,030",93.60%,19,"¥4,206,928",106.60%,17,"¥748,960",79.60%,30,"¥4,078,993",85.00%,14,"¥2,996,684",97.80%,34,"¥1,019,521",66.50%,41,"¥442,985",72.70%,25,"¥2,874,268",89.90%,49,"¥1,143,805",87.70%,25,"¥90,814",86.20%,17,"¥2,729,061",93.80%,28,"¥3,156,153",116.60%,25,"¥6,523,007",94.60%,43,"¥2,194,049",91.70%,37,"¥786,791",84.40%,26,"¥858,626",92.90%,24,"¥1,293,993",97.70%,29,"¥13,910",71.10%,33,"¥20,973",123.30%
2025年08週(2025/05/19~2025/05/25),24,"¥1,535,455",73.90%,19,"¥5,199,724",93.10%,24,"¥3,705,420",102.00%,15,"¥1,196,475",82.10%,22,"¥4,260,122",90.20%,13,"¥3,038,344",99.80%,27,"¥1,051,959",73.50%,43,"¥412,229",78.90%,34,"¥2,536,042",95.90%,51,"¥1,135,456",87.60%,26,"¥79,718",88.00%,18,"¥2,667,154",91.30%,42,"¥2,595,882",93.50%,28,"¥6,359,642",101.00%,38,"¥2,320,646",94.60%,33,"¥834,776",63.20%,21,"¥981,893",85.80%,25,"¥1,285,976",91.70%,24,"¥20,166",105.00%,39,"¥16,279",154.90%
2025年09週(2025/05/26~2025/06/01),23,"¥1,558,130",96.10%,30,"¥4,827,169",89.10%,15,"¥4,558,483",109.80%,9,"¥1,939,728",115.40%,31,"¥4,070,905",94.90%,10,"¥3,146,190",107.80%,38,"¥984,113",61.30%,40,"¥446,881",84.40%,32,"¥2,547,277",92.60%,43,"¥1,196,321",88.00%,27,"¥65,773",88.10%,20,"¥2,654,393",94.00%,41,"¥2,617,686",97.30%,26,"¥6,475,985",101.60%,42,"¥2,230,115",95.80%,22,"¥1,295,771",132.70%,23,"¥919,629",88.40%,9,"¥1,355,615",101.00%,16,"¥34,967",25.60%,34,"¥19,762",112.90%
2025年10週(2025/06/02~2025/06/08),17,"¥1,701,436",102.50%,23,"¥5,087,230",89.70%,18,"¥4,379,568",95.00%,13,"¥1,457,412",115.70%,19,"¥4,303,272",98.20%,30,"¥2,571,677",87.90%,52,"¥869,715",64.60%,45,"¥397,735",86.50%,36,"¥2,525,618",92.80%,46,"¥1,178,748",94.10%,28,"¥52,219",96.70%,24,"¥2,583,667",79.20%,39,"¥2,679,096",106.00%,37,"¥6,057,713",100.40%,39,"¥2,309,042",95.90%,21,"¥1,334,766",111.50%,22,"¥964,239",86.00%,12,"¥1,339,461",103.40%,14,"¥40,603",136.20%,36,"¥17,371",97.90%
2025年11週(2025/06/09~2025/06/15),18,"¥1,696,753",89.50%,18,"¥5,210,189",90.60%,22,"¥3,874,455",80.70%,8,"¥1,981,601",98.80%,26,"¥4,120,139",92.00%,25,"¥2,709,758",96.50%,30,"¥1,032,966",82.20%,42,"¥415,495",109.60%,40,"¥2,251,722",94.80%,45,"¥1,182,902",96.90%,29,"¥28,468",160.20%,2,"¥3,360,887",89.10%,37,"¥2,775,559",116.60%,38,"¥5,996,806",100.20%,47,"¥2,157,539",99.60%,23,"¥1,279,792",105.10%,16,"¥1,105,939",81.30%,16,"¥1,323,374",97.70%,25,"¥17,997",63.70%,38,"¥16,687",103.80%
2025年12週(2025/06/16~2025/06/22),15,"¥1,872,086",117.30%,16,"¥5,567,279",102.80%,14,"¥4,674,530",98.30%,6,"¥2,111,826",121.60%,14,"¥4,385,164",102.20%,7,"¥3,411,987",86.60%,51,"¥870,392",81.00%,50,"¥344,640",91.40%,44,"¥2,111,516",87.20%,52,"¥1,129,071",92.40%,30,"¥18,380",1823.40%,9,"¥2,930,430",104.60%,46,"¥2,455,619",107.10%,45,"¥5,659,163",97.00%,51,"¥2,064,022",91.70%,24,"¥1,141,444",143.20%,11,"¥1,260,517",99.40%,30,"¥1,270,404",99.70%,23,"¥21,749",84.60%,43,"¥14,312",96.80%
2025年13週(2025/06/23~2025/06/29),14,"¥1,890,755",102.70%,20,"¥5,190,202",96.50%,10,"¥5,179,890",97.40%,3,"¥2,803,670",112.40%,21,"¥4,277,136",100.30%,21,"¥2,857,760",79.60%,42,"¥947,086",95.00%,51,"¥343,674",90.50%,50,"¥1,989,551",91.80%,50,"¥1,143,737",91.80%,31,"¥2,445",876.30%,15,"¥2,748,550",100.40%,47,"¥2,432,790",104.50%,49,"¥5,535,082",95.10%,49,"¥2,077,540",94.50%,39,"¥632,811",154.20%,19,"¥1,060,658",83.40%,33,"¥1,260,143",92.50%,21,"¥24,644",157.00%,48,"¥11,871",56.50%
2025年14週(2025/06/30~2025/07/06),10,"¥2,053,310",100.10%,17,"¥5,285,698",94.90%,5,"¥5,394,858",104.60%,2,"¥3,011,386",114.10%,15,"¥4,374,772",98.70%,18,"¥2,893,601",94.10%,48,"¥911,387",97.40%,48,"¥351,395",106.30%,49,"¥1,991,893",95.70%,44,"¥1,183,061",97.40%,33,¥948,0.00%,16,"¥2,739,279",103.90%,49,"¥2,331,406",104.90%,46,"¥5,633,738",93.70%,50,"¥2,073,639",97.90%,46,"¥366,967",119.20%,17,"¥1,097,694",81.50%,31,"¥1,268,124",95.40%,20,"¥26,161",76.90%,50,"¥11,434",97.10%
2025年15週(2025/07/07~2025/07/13),8,"¥2,109,457",95.60%,21,"¥5,170,412",90.90%,1,"¥5,678,678",103.70%,1,"¥3,440,744",135.20%,17,"¥4,323,059",99.60%,37,"¥2,413,209",82.70%,50,"¥878,108",99.60%,52,"¥339,100",98.10%,48,"¥1,993,112",92.40%,47,"¥1,176,475",97.50%,35,¥0,0.00%,28,"¥2,541,416",108.50%,52,"¥2,235,206",102.10%,52,"¥5,385,346",95.20%,45,"¥2,170,049",100.30%,48,"¥301,245",112.50%,18,"¥1,069,621",98.40%,37,"¥1,250,866",91.70%,31,"¥11,960",50.50%,52,"¥8,422",90.00%
2025年16週(2025/07/14~2025/07/20),11,"¥2,051,620",83.80%,22,"¥5,133,924",86.10%,9,"¥5,245,310",104.00%,4,"¥2,749,319",133.40%,23,"¥4,245,826",95.80%,23,"¥2,762,328",90.20%,43,"¥933,604",87.80%,49,"¥346,331",96.60%,51,"¥1,981,759",84.50%,48,"¥1,160,784",91.50%,36,¥0,0.00%,26,"¥2,570,734",95.00%,44,"¥2,470,534",106.10%,48,"¥5,541,916",94.30%,52,"¥2,006,905",95.40%,49,"¥298,177",89.10%,14,"¥1,179,280",100.50%,51,"¥1,054,449",71.20%,41,"¥7,739",37.20%,44,"¥13,360",215.30%
2025年17週(2025/07/21~2025/07/27),9,"¥2,063,051",85.20%,11,"¥6,024,048",103.10%,11,"¥5,167,962",98.60%,11,"¥1,849,116",105.00%,13,"¥4,402,985",92.60%,16,"¥2,969,883",103.10%,44,"¥926,381",93.90%,46,"¥359,700",102.20%,46,"¥2,059,968",93.70%,42,"¥1,226,599",98.20%,34,¥299,0.00%,29,"¥2,497,947",99.50%,51,"¥2,255,777",97.60%,47,"¥5,625,009",92.40%,48,"¥2,095,055",98.80%,43,"¥471,869",110.50%,10,"¥1,277,207",98.70%,52,"¥1,039,359",73.30%,27,"¥16,859",61.70%,46,"¥12,942",85.60%
2025年18週(2025/07/28~2025/08/03),7,"¥2,115,535",86.20%,13,"¥5,942,903",96.00%,8,"¥5,259,953",95.90%,10,"¥1,887,988",111.20%,16,"¥4,342,223",90.50%,26,"¥2,609,183",93.30%,40,"¥954,830",101.00%,47,"¥353,312",96.70%,52,"¥1,980,350",94.40%,41,"¥1,246,669",91.50%,37,¥0,0.00%,25,"¥2,581,522",97.70%,50,"¥2,324,026",106.20%,51,"¥5,421,681",91.20%,46,"¥2,169,248",100.40%,44,"¥454,812",101.70%,15,"¥1,161,960",97.10%,50,"¥1,066,165",76.10%,15,"¥38,285",184.00%,49,"¥11,562",94.70%
2025年19週(2025/08/04~2025/08/10),4,"¥2,399,173",87.90%,10,"¥6,204,573",99.80%,13,"¥4,783,928",89.50%,7,"¥2,058,038",104.20%,11,"¥4,591,688",96.30%,32,"¥2,536,019",89.50%,35,"¥1,008,198",96.90%,44,"¥398,892",96.40%,45,"¥2,079,960",91.20%,36,"¥1,342,585",95.70%,38,¥0,0.00%,13,"¥2,837,951",91.50%,48,"¥2,388,940",109.40%,50,"¥5,439,328",89.20%,37,"¥2,345,011",96.60%,20,"¥1,370,735",80.10%,7,"¥1,415,941",100.20%,49,"¥1,067,860",71.10%,17,"¥29,313",88.70%,47,"¥12,670",199.00%
2025年20週(2025/08/11~2025/08/17),1,"¥2,474,376",82.10%,3,"¥6,995,547",101.20%,7,"¥5,303,593",97.70%,5,"¥2,232,823",95.90%,4,"¥4,960,880",96.40%,33,"¥2,535,398",92.90%,18,"¥1,119,835",96.30%,30,"¥549,635",108.90%,39,"¥2,379,071",95.60%,27,"¥1,462,967",87.30%,39,¥0,0.00%,14,"¥2,791,090",92.70%,40,"¥2,632,835",107.80%,34,"¥6,184,100",94.90%,33,"¥2,490,793",96.70%,13,"¥1,784,589",132.70%,3,"¥1,787,928",99.80%,45,"¥1,125,679",73.80%,37,"¥9,839",39.50%,51,"¥10,865",77.30%
2025年21週(2025/08/18~2025/08/24),5,"¥2,387,040",83.20%,5,"¥6,751,659",98.60%,4,"¥5,417,799",97.00%,12,"¥1,482,047",86.90%,5,"¥4,857,242",97.20%,35,"¥2,502,483",84.50%,25,"¥1,076,313",93.90%,39,"¥474,942",97.30%,47,"¥2,029,503",81.10%,38,"¥1,316,794",81.50%,40,¥0,0.00%,32,"¥2,301,131",90.50%,45,"¥2,467,464",98.10%,42,"¥5,736,446",89.10%,26,"¥2,617,647",100.20%,34,"¥828,299",116.00%,4,"¥1,765,958",115.80%,47,"¥1,120,885",72.40%,38,"¥9,608",30.60%,42,"¥14,697",101.80%
2025年22週(2025/08/25~2025/08/31),3,"¥2,423,594",94.50%,2,"¥7,005,700",105.50%,2,"¥5,494,803",99.10%,14,"¥1,332,657",87.80%,7,"¥4,814,412",100.90%,20,"¥2,861,326",93.60%,26,"¥1,072,909",80.80%,36,"¥511,233",89.50%,43,"¥2,113,206",77.50%,33,"¥1,394,997",83.20%,41,¥0,0.00%,36,"¥2,071,893",85.60%,38,"¥2,754,466",90.40%,43,"¥5,697,428",90.50%,29,"¥2,569,391",98.60%,30,"¥891,115",125.40%,5,"¥1,603,809",124.20%,46,"¥1,121,798",83.20%,32,"¥10,727",47.30%,37,"¥17,053",208.50%
2025年23週(2025/09/01~2025/09/07),2,"¥2,434,298",99.30%,1,"¥7,207,873",113.80%,6,"¥5,350,134",108.90%,16,"¥1,075,235",81.80%,2,"¥5,288,927",109.20%,22,"¥2,774,244",124.70%,41,"¥951,716",93.00%,37,"¥510,010",101.40%,41,"¥2,171,287",88.90%,39,"¥1,310,924",75.60%,42,¥0,0.00%,30,"¥2,334,036",96.20%,43,"¥2,562,167",88.20%,40,"¥5,933,494",100.00%,23,"¥2,786,188",111.40%,28,"¥992,227",136.70%,6,"¥1,473,553",109.30%,48,"¥1,089,040",86.60%,33,"¥10,479",34.50%,35,"¥17,951",225.80%
2025年24週(2025/09/08~2025/09/14),6,"¥2,300,200",84.00%,4,"¥6,760,178",103.70%,3,"¥5,473,747",114.10%,18,"¥700,527",69.30%,8,"¥4,757,628",97.60%,42,"¥2,225,875",94.70%,39,"¥972,099",92.30%,33,"¥536,153",104.20%,42,"¥2,142,051",88.20%,37,"¥1,325,069",84.90%,43,¥0,0.00%,23,"¥2,588,639",99.90%,35,"¥2,896,132",103.50%,44,"¥5,662,005",102.10%,27,"¥2,607,813",103.70%,16,"¥1,462,617",186.40%,8,"¥1,390,252",109.70%,43,"¥1,157,638",92.10%,44,"¥5,538",22.30%,30,"¥21,596",324.30%
2025年25週(2025/09/15~2025/09/21),12,"¥1,958,139",83.60%,7,"¥6,527,542",104.00%,12,"¥5,030,621",99.50%,26,"¥311,283",59.70%,6,"¥4,852,709",97.80%,28,"¥2,589,460",104.00%,45,"¥926,370",89.70%,27,"¥596,908",89.60%,35,"¥2,534,356",102.70%,35,"¥1,350,511",81.70%,44,¥0,0.00%,22,"¥2,590,139",110.50%,31,"¥3,035,255",97.90%,41,"¥5,872,874",99.20%,24,"¥2,765,397",103.90%,17,"¥1,417,222",125.40%,12,"¥1,256,210",106.40%,40,"¥1,217,731",101.30%,35,"¥10,139",33.70%,40,"¥15,903",171.30%
2025年26週(2025/09/22~2025/09/28),16,"¥1,813,496",73.30%,6,"¥6,615,893",107.90%,16,"¥4,450,179",88.60%,29,"¥232,896",47.10%,9,"¥4,679,665",91.90%,27,"¥2,604,108",89.00%,21,"¥1,104,053",82.30%,18,"¥791,836",106.20%,31,"¥2,562,153",92.00%,23,"¥1,587,343",89.20%,45,¥0,0.00%,27,"¥2,550,250",131.70%,22,"¥3,675,298",100.60%,35,"¥6,169,107",102.70%,18,"¥2,993,346",103.10%,15,"¥1,478,591",109.50%,13,"¥1,181,351",98.10%,41,"¥1,209,208",102.80%,47,"¥4,619",31.60%,32,"¥21,195",169.60%
2025年27週(2025/09/29~2025/10/05),19,"¥1,642,808",72.80%,8,"¥6,291,417",106.60%,17,"¥4,444,983",97.70%,23,"¥433,964",152.90%,10,"¥4,673,278",94.00%,34,"¥2,528,079",101.20%,49,"¥890,184",72.90%,19,"¥765,834",101.40%,38,"¥2,486,047",77.80%,31,"¥1,408,111",78.50%,46,¥0,0.00%,38,"¥2,061,087",92.60%,26,"¥3,272,850",86.80%,30,"¥6,255,551",107.40%,11,"¥3,179,928",96.30%,14,"¥1,513,696",81.20%,20,"¥994,190",96.20%,28,"¥1,275,029",114.00%,26,"¥17,996",104.30%,20,"¥27,849",118.30%
2025年28週(2025/10/06~2025/10/12),13,"¥1,945,602",99.90%,9,"¥6,208,540",105.90%,21,"¥4,129,525",90.20%,21,"¥489,779",174.20%,3,"¥4,996,436",106.90%,24,"¥2,743,756",114.30%,46,"¥921,257",73.60%,20,"¥737,842",74.20%,33,"¥2,545,158",89.60%,25,"¥1,541,578",78.80%,47,¥0,0.00%,19,"¥2,659,795",93.80%,24,"¥3,347,393",89.90%,36,"¥6,130,590",111.00%,15,"¥3,095,172",94.70%,10,"¥1,895,011",82.60%,24,"¥901,138",98.50%,29,"¥1,272,942",84.80%,34,"¥10,196",95.10%,28,"¥21,766",137.60%
2025年29週(2025/10/13~2025/10/19),22,"¥1,592,827",80.50%,14,"¥5,914,401",99.80%,20,"¥4,134,341",102.80%,22,"¥441,175",153.90%,12,"¥4,439,972",87.90%,43,"¥2,202,788",95.40%,24,"¥1,076,418",76.20%,11,"¥957,248",109.10%,26,"¥2,844,986",82.40%,19,"¥1,739,718",91.40%,48,¥0,0.00%,37,"¥2,071,846",87.20%,23,"¥3,537,922",95.90%,39,"¥5,948,771",106.10%,7,"¥3,345,101",106.80%,8,"¥2,160,074",91.30%,25,"¥864,568",101.30%,32,"¥1,267,126",81.30%,39,"¥9,466",44.00%,4,"¥49,971",166.90%
2025年30週(2025/10/20~2025/10/26),35,"¥1,351,161",77.90%,15,"¥5,667,207",109.20%,23,"¥3,758,355",100.60%,24,"¥427,013",173.40%,25,"¥4,202,691",89.90%,41,"¥2,290,737",96.90%,37,"¥990,500",78.80%,3,"¥1,088,324",109.30%,11,"¥3,620,931",85.80%,20,"¥1,730,398",86.60%,49,¥0,0.00%,41,"¥1,710,407",83.90%,18,"¥3,821,126",101.10%,29,"¥6,303,881",115.80%,5,"¥3,409,209",112.50%,11,"¥1,856,624",93.20%,31,"¥749,618",91.30%,21,"¥1,302,746",88.10%,46,"¥5,070",9.80%,3,"¥53,489",319.20%
2025年31週(2025/10/27~2025/11/02),36,"¥1,332,600",87.60%,32,"¥4,728,405",98.50%,25,"¥3,544,467",111.80%,25,"¥394,988",171.80%,34,"¥4,019,686",88.00%,49,"¥1,999,458",102.10%,47,"¥918,502",62.60%,5,"¥1,052,431",105.30%,17,"¥3,085,874",101.20%,15,"¥1,939,538",90.80%,50,¥0,0.00%,39,"¥1,923,777",98.00%,14,"¥4,135,372",106.00%,33,"¥6,230,127",115.90%,12,"¥3,153,318",102.80%,19,"¥1,386,969",70.40%,33,"¥692,874",96.10%,36,"¥1,253,591",84.20%,43,"¥5,550",9.80%,7,"¥36,931",323.50%
2025年32週(2025/11/03~2025/11/09),39,"¥1,306,985",84.90%,28,"¥4,862,879",107.80%,28,"¥3,287,933",98.70%,28,"¥233,509",81.10%,35,"¥3,991,966",89.70%,40,"¥2,294,900",130.30%,15,"¥1,166,439",88.50%,6,"¥1,046,858",83.20%,22,"¥2,943,226",74.70%,16,"¥1,825,651",78.80%,51,¥0,0.00%,40,"¥1,806,761",114.10%,13,"¥4,153,520",96.50%,24,"¥6,523,945",117.90%,3,"¥3,644,469",106.10%,26,"¥1,058,414",74.10%,42,"¥628,862",88.80%,19,"¥1,316,311",87.80%,30,"¥13,732",16.10%,6,"¥42,400",303.30%
2025年33週(2025/11/10~2025/11/16),42,"¥1,283,066",84.10%,35,"¥4,557,963",102.40%,27,"¥3,303,126",106.90%,31,"¥121,970",54.80%,28,"¥4,102,382",94.80%,38,"¥2,355,006",87.10%,13,"¥1,206,945",76.30%,9,"¥963,636",92.00%,24,"¥2,897,884",98.80%,10,"¥2,020,056",101.30%,52,¥0,0.00%,45,"¥1,498,796",118.50%,7,"¥4,560,724",112.40%,20,"¥6,776,633",124.90%,8,"¥3,339,040",99.50%,36,"¥805,050",70.20%,36,"¥652,523",95.20%,8,"¥1,362,053",92.90%,6,"¥83,674",119.00%,1,"¥64,163",498.20%
2025年34週(2025/11/17~2025/11/23),49,"¥1,186,764",86.80%,48,"¥4,326,725",104.70%,35,"¥2,707,078",94.70%,30,"¥215,308",131.80%,37,"¥3,907,720",89.70%,31,"¥2,544,537",98.50%,31,"¥1,031,141",67.60%,7,"¥1,035,189",83.60%,9,"¥3,713,106",114.60%,12,"¥1,957,845",81.60%,32,"¥2,093",17.50%,49,"¥836,697",92.70%,10,"¥4,377,677",104.70%,32,"¥6,238,001",116.00%,6,"¥3,361,806",99.60%,38,"¥700,194",80.40%,38,"¥639,376",103.10%,23,"¥1,294,842",88.70%,3,"¥232,759",645.00%,18,"¥28,424",209.70%
2025年35週(2025/11/24~2025/11/30),43,"¥1,282,907",96.80%,45,"¥4,435,397",104.00%,36,"¥2,674,067",97.50%,34,"¥76,677",66.90%,40,"¥3,841,964",94.70%,44,"¥2,191,166",82.10%,17,"¥1,129,229",66.40%,8,"¥1,022,853",80.60%,13,"¥3,480,247",111.10%,11,"¥2,012,160",82.50%,24,"¥114,432",369.40%,52,"¥564,772",76.10%,11,"¥4,258,600",103.40%,27,"¥6,474,883",117.10%,9,"¥3,309,781",91.80%,41,"¥546,794",80.60%,37,"¥644,401",101.10%,18,"¥1,317,136",92.70%,5,"¥149,971",240.30%,23,"¥26,977",155.50%
2025年36週(2025/12/01~2025/12/07),46,"¥1,234,348",84.30%,26,"¥4,903,360",107.40%,33,"¥2,763,801",102.30%,38,"¥52,835",91.50%,41,"¥3,763,667",87.50%,12,"¥3,131,633",116.50%,36,"¥1,002,758",58.60%,4,"¥1,073,400",81.20%,5,"¥3,891,434",106.00%,5,"¥2,331,653",85.80%,20,"¥194,260",377.60%,51,"¥741,664",97.30%,2,"¥4,964,387",116.30%,19,"¥6,849,362",111.50%,4,"¥3,517,179",93.10%,29,"¥895,666",104.30%,44,"¥621,043",94.10%,14,"¥1,332,973",88.40%,4,"¥214,345",1205.10%,5,"¥43,666",261.10%
2025年37週(2025/12/08~2025/12/14),50,"¥1,170,619",94.90%,39,"¥4,515,118",114.90%,39,"¥2,479,849",100.70%,33,"¥79,755",123.80%,50,"¥3,503,867",87.30%,51,"¥1,760,002",96.80%,33,"¥1,020,819",65.90%,13,"¥884,011",82.90%,12,"¥3,616,197",93.10%,7,"¥2,089,181",77.80%,21,"¥162,127",175.80%,50,"¥795,901",132.00%,6,"¥4,658,199",114.70%,31,"¥6,253,522",112.20%,21,"¥2,843,804",83.20%,35,"¥805,344",132.60%,28,"¥827,599",90.20%,22,"¥1,297,040",92.90%,28,"¥15,695",55.20%,22,"¥27,334",248.50%
2025年38週(2025/12/15~2025/12/21),41,"¥1,296,100",92.10%,36,"¥4,522,383",105.40%,37,"¥2,646,855",90.40%,32,"¥109,707",355.60%,38,"¥3,906,516",87.60%,50,"¥1,860,705",74.20%,32,"¥1,027,811",61.70%,24,"¥690,753",64.00%,14,"¥3,298,144",96.60%,17,"¥1,784,910",71.70%,22,"¥143,634",140.80%,48,"¥1,093,440",145.80%,20,"¥3,745,879",96.90%,22,"¥6,723,971",108.60%,16,"¥3,052,356",85.40%,32,"¥855,076",117.60%,9,"¥1,323,168",86.00%,35,"¥1,255,236",90.30%,42,"¥6,999",28.70%,13,"¥33,691",307.70%
2025年39週(2025/12/22~2025/12/28),25,"¥1,526,600",78.10%,12,"¥6,000,583",114.40%,40,"¥2,448,797",95.60%,36,"¥67,985",220.60%,1,"¥5,635,609",88.60%,45,"¥2,180,616",90.70%,10,"¥1,302,982",61.10%,2,"¥1,120,105",60.70%,2,"¥4,316,109",74.70%,2,"¥2,571,172",67.10%,18,"¥241,704",137.30%,47,"¥1,399,922",83.90%,3,"¥4,953,629",92.50%,1,"¥11,054,586",99.30%,2,"¥6,396,874",68.10%,2,"¥2,564,893",87.30%,2,"¥1,805,280",82.80%,2,"¥1,503,679",85.90%,1,"¥590,693",68.10%,9,"¥35,543",349.40%
2025年40週(2025/12/29~2026/01/04),21,"¥1,622,772",106.80%,29,"¥4,835,917",120.70%,52,"¥1,750,675",100.30%,52,"¥11,238",52.40%,27,"¥4,110,348",94.70%,52,"¥1,611,518",96.10%,16,"¥1,153,322",69.20%,1,"¥1,786,383",86.90%,1,"¥7,435,873",105.30%,1,"¥4,111,832",98.10%,14,"¥347,419",138.10%,44,"¥1,501,465",116.50%,1,"¥6,635,768",132.70%,2,"¥9,185,894",138.50%,1,"¥7,498,160",125.50%,6,"¥2,399,914",99.60%,1,"¥2,355,145",128.00%,1,"¥1,525,153",104.70%,2,"¥562,011",160.90%,31,"¥21,546",312.40%
2025年41週(2026/01/05~2026/01/11),47,"¥1,197,254",97.80%,40,"¥4,513,403",114.70%,47,"¥2,183,017",99.80%,49,"¥20,545",109.70%,46,"¥3,645,405",89.20%,46,"¥2,120,274",134.20%,19,"¥1,113,181",60.70%,10,"¥961,848",73.80%,6,"¥3,870,848",89.50%,4,"¥2,354,938",89.60%,17,"¥246,436",102.80%,46,"¥1,496,703",81.30%,8,"¥4,503,377",106.30%,14,"¥7,089,297",113.20%,17,"¥3,029,909",85.70%,1,"¥3,142,873",142.00%,40,"¥636,025",104.00%,27,"¥1,277,006",91.60%,50,"¥2,127",15.40%,41,"¥15,701",201.10%
2025年42週(2026/01/12~2026/01/18),48,"¥1,192,517",92.00%,41,"¥4,484,062",113.40%,50,"¥1,932,393",80.90%,43,"¥25,092",133.00%,47,"¥3,627,987",89.50%,36,"¥2,455,247",121.70%,12,"¥1,226,444",55.90%,16,"¥832,744",72.30%,8,"¥3,797,069",100.10%,6,"¥2,220,422",84.10%,16,"¥259,054",90.10%,42,"¥1,680,157",76.00%,5,"¥4,689,911",112.60%,7,"¥7,477,656",110.60%,13,"¥3,144,710",85.80%,47,"¥337,265",98.70%,46,"¥601,357",99.50%,15,"¥1,331,210",92.20%,45,"¥5,327",34.00%,24,"¥26,159",310.40%
2025年43週(2026/01/19~2026/01/25),52,"¥1,079,981",81.80%,52,"¥4,075,736",103.40%,51,"¥1,798,185",75.40%,41,"¥30,532",159.00%,49,"¥3,528,120",87.00%,47,"¥2,119,592",90.60%,20,"¥1,111,554",65.40%,12,"¥957,153",79.60%,4,"¥3,901,595",100.50%,3,"¥2,369,148",103.30%,11,"¥485,024",107.10%,43,"¥1,593,722",76.50%,4,"¥4,712,187",114.40%,6,"¥7,550,302",115.30%,10,"¥3,304,397",98.30%,52,"¥272,687",91.20%,49,"¥554,233",98.00%,3,"¥1,429,273",92.40%,51,"¥1,442",5.10%,10,"¥34,710",402.00%
2025年44週(2026/01/26~2026/02/01),40,"¥1,299,220",85.90%,47,"¥4,351,701",98.30%,49,"¥2,046,656",72.70%,45,"¥24,667",84.70%,51,"¥3,488,163",81.80%,48,"¥2,066,350",77.40%,11,"¥1,253,953",65.10%,15,"¥838,335",75.30%,3,"¥3,994,674",97.90%,8,"¥2,087,479",76.40%,9,"¥653,750",85.90%,34,"¥2,124,213",104.60%,9,"¥4,454,238",123.00%,3,"¥7,663,423",110.40%,14,"¥3,102,500",88.00%,51,"¥291,382",88.90%,48,"¥560,791",86.00%,5,"¥1,377,950",86.00%,52,¥785,8.90%,17,"¥28,656",201.10%
2025年45週(2026/02/02~2026/02/08),28,"¥1,420,103",133.30%,51,"¥4,174,675",116.40%,45,"¥2,217,678",94.80%,51,"¥20,007",66.40%,52,"¥3,468,303",94.20%,29,"¥2,577,741",142.70%,23,"¥1,084,633",67.50%,14,"¥882,550",58.30%,10,"¥3,653,735",100.50%,9,"¥2,055,664",74.40%,7,"¥808,804",104.30%,35,"¥2,107,780",103.70%,12,"¥4,258,342",109.60%,8,"¥7,369,578",105.40%,25,"¥2,742,648",83.50%,50,"¥297,929",85.20%,39,"¥638,268",119.80%,4,"¥1,389,319",92.80%,49,"¥2,587",4.80%,26,"¥23,592",233.60%
2025年46週(2026/02/09~2026/02/15),51,"¥1,124,383",102.10%,46,"¥4,380,413",113.70%,38,"¥2,552,697",98.70%,48,"¥20,895",52.00%,39,"¥3,865,368",90.60%,39,"¥2,332,220",108.60%,8,"¥1,348,084",51.60%,23,"¥699,322",64.10%,7,"¥3,866,057",115.50%,13,"¥1,954,174",82.60%,4,"¥874,790",84.90%,31,"¥2,315,609",111.00%,21,"¥3,714,807",102.60%,4,"¥7,631,645",108.10%,19,"¥2,886,707",88.70%,45,"¥370,030",71.00%,52,"¥505,567",89.20%,11,"¥1,341,563",87.40%,48,"¥4,208",9.30%,2,"¥58,589",341.20%
2025年47週(2026/02/16~2026/02/22),31,"¥1,413,945",102.00%,49,"¥4,286,056",110.70%,41,"¥2,448,189",103.70%,47,"¥20,971",49.40%,43,"¥3,724,120",95.40%,17,"¥2,924,617",113.70%,29,"¥1,035,659",63.50%,21,"¥716,365",48.40%,15,"¥3,288,674",96.70%,14,"¥1,944,142",75.30%,3,"¥950,408",98.10%,33,"¥2,298,686",116.20%,15,"¥3,958,911",111.40%,11,"¥7,262,568",102.30%,22,"¥2,804,766",83.20%,42,"¥494,583",88.70%,50,"¥541,736",98.50%,34,"¥1,257,654",80.10%,18,"¥27,835",197.90%,8,"¥36,615",159.80%
2025年48週(2026/02/23~2026/03/01),33,"¥1,389,332",105.00%,38,"¥4,515,667",111.10%,44,"¥2,310,095",102.60%,50,"¥20,426",46.10%,44,"¥3,716,377",91.40%,15,"¥2,990,667",118.60%,9,"¥1,305,814",57.60%,22,"¥707,146",68.90%,16,"¥3,258,265",93.30%,18,"¥1,771,568",71.10%,2,"¥1,048,218",89.50%,11,"¥2,905,495",106.60%,16,"¥3,937,870",123.60%,10,"¥7,304,466",107.90%,28,"¥2,595,506",76.30%,40,"¥607,055",92.60%,47,"¥574,826",95.30%,44,"¥1,152,701",76.10%,11,"¥59,622",254.60%,27,"¥22,690",196.50%
2025年49週(2026/03/02~2026/03/08),38,"¥1,319,985",103.70%,44,"¥4,445,454",108.00%,46,"¥2,206,113",93.90%,42,"¥25,634",51.00%,45,"¥3,675,758",88.50%,19,"¥2,863,159",90.50%,14,"¥1,167,290",70.20%,28,"¥596,019",51.90%,18,"¥3,041,526",89.70%,22,"¥1,601,649",68.60%,1,"¥1,185,902",105.40%,12,"¥2,851,965",115.30%,19,"¥3,794,581",127.60%,9,"¥7,356,197",107.00%,20,"¥2,847,289",91.60%,27,"¥1,052,879",140.50%,43,"¥627,713",112.00%,42,"¥1,157,919",76.30%,13,"¥50,815",389.40%,12,"¥34,003",214.00%
2025年50週(2026/03/09~2026/03/15),45,"¥1,245,408",110.10%,50,"¥4,176,835",101.50%,42,"¥2,333,371",96.30%,44,"¥24,994",53.90%,48,"¥3,550,558",90.10%,11,"¥3,133,793",114.20%,7,"¥1,393,712",66.00%,25,"¥617,249",66.90%,19,"¥2,972,233",99.30%,24,"¥1,575,083",81.30%,6,"¥808,856",61.40%,10,"¥2,907,115",115.90%,17,"¥3,883,637",130.90%,17,"¥7,037,591",101.40%,32,"¥2,504,387",89.60%,25,"¥1,133,741",126.10%,51,"¥528,265",97.40%,20,"¥1,304,268",91.50%,22,"¥23,503",208.70%,11,"¥34,526",187.60%
2025年51週(2026/03/16~2026/03/22),44,"¥1,276,935",100.90%,37,"¥4,520,677",108.80%,48,"¥2,048,351",81.90%,46,"¥24,657",59.80%,42,"¥3,750,118",92.70%,9,"¥3,172,456",102.40%,22,"¥1,093,489",61.20%,31,"¥547,599",61.90%,20,"¥2,965,732",94.70%,26,"¥1,532,541",87.40%,8,"¥772,052",77.60%,3,"¥3,208,065",117.80%,30,"¥3,116,476",93.30%,15,"¥7,071,720",96.40%,40,"¥2,267,820",79.50%,12,"¥1,847,432",115.00%,45,"¥605,594",100.10%,38,"¥1,236,714",101.80%,40,"¥7,826",22.00%,14,"¥32,796",173.00%
2025年52週(2026/03/23~2026/03/29),32,"¥1,412,483",105.00%,31,"¥4,767,541",107.90%,43,"¥2,327,802",85.10%,40,"¥32,319",35.10%,36,"¥3,917,602",91.10%,8,"¥3,332,114",99.50%,28,"¥1,036,389",70.80%,34,"¥518,364",66.90%,23,"¥2,941,381",105.80%,32,"¥1,403,382",91.90%,5,"¥820,883",104.10%,6,"¥2,981,408",108.20%,29,"¥3,151,303",93.30%,5,"¥7,571,160",110.70%,41,"¥2,248,058",84.90%,4,"¥2,476,762",118.10%,41,"¥633,225",97.90%,39,"¥1,219,058",103.70%,36,"¥9,899",30.30%,16,"¥30,641",149.30%
